millis,stamp,datetime,motion
999, 1533565655, 2018/8/6 14:27:35, Active
1999, 1533565656, 2018/8/6 14:27:36, Active
2999, 1533565657, 2018/8/6 14:27:37, Active
3998, 1533565658, 2018/8/6 14:27:38, Active
4999, 1533565659, 2018/8/6 14:27:39, Active
5999, 1533565660, 2018/8/6 14:27:40, Active
6999, 1533565661, 2018/8/6 14:27:41, Active
7999, 1533565662, 2018/8/6 14:27:42, Active
8999, 1533565663, 2018/8/6 14:27:43, Active
9999, 1533565664, 2018/8/6 14:27:44, Active
10998, 1533565665, 2018/8/6 14:27:45, Active
11999, 1533565666, 2018/8/6 14:27:46, Active
12999, 1533565667, 2018/8/6 14:27:47, Active
13999, 1533565668, 2018/8/6 14:27:48, Active
14999, 1533565669, 2018/8/6 14:27:49, Active
16000, 1533565670, 2018/8/6 14:27:50, Active
16999, 1533565671, 2018/8/6 14:27:51, Active
17999, 1533565672, 2018/8/6 14:27:52, Active
18999, 1533565673, 2018/8/6 14:27:53, Active
19999, 1533565674, 2018/8/6 14:27:54, Active
20999, 1533565675, 2018/8/6 14:27:55, Active
21999, 1533565676, 2018/8/6 14:27:56, Active
22999, 1533565677, 2018/8/6 14:27:57, Active
23999, 1533565678, 2018/8/6 14:27:58, Active
24999, 1533565679, 2018/8/6 14:27:59, Active
25999, 1533565680, 2018/8/6 14:28:0, Active
26998, 1533565681, 2018/8/6 14:28:1, Active
27999, 1533565682, 2018/8/6 14:28:2, Active
28999, 1533565683, 2018/8/6 14:28:3, Active
29999, 1533565684, 2018/8/6 14:28:4, Active
30999, 1533565685, 2018/8/6 14:28:5, Active
32000, 1533565686, 2018/8/6 14:28:6, Active
32999, 1533565687, 2018/8/6 14:28:7, Active
33999, 1533565688, 2018/8/6 14:28:8, Active
34999, 1533565689, 2018/8/6 14:28:9, Active
35999, 1533565690, 2018/8/6 14:28:10, Active
36999, 1533565691, 2018/8/6 14:28:11, Active
37998, 1533565692, 2018/8/6 14:28:12, Active
39000, 1533565693, 2018/8/6 14:28:13, Active
39999, 1533565694, 2018/8/6 14:28:14, Active
40999, 1533565695, 2018/8/6 14:28:15, Active
41999, 1533565696, 2018/8/6 14:28:16, Active
42999, 1533565697, 2018/8/6 14:28:17, Active
43999, 1533565698, 2018/8/6 14:28:18, Active
44999, 1533565699, 2018/8/6 14:28:19, Active
45999, 1533565700, 2018/8/6 14:28:20, Active
46999, 1533565701, 2018/8/6 14:28:21, Active
48000, 1533565702, 2018/8/6 14:28:22, Active
48999, 1533565703, 2018/8/6 14:28:23, Active
49999, 1533565704, 2018/8/6 14:28:24, Active
50999, 1533565705, 2018/8/6 14:28:25, Active
51999, 1533565706, 2018/8/6 14:28:26, Active
52999, 1533565707, 2018/8/6 14:28:27, Active
53999, 1533565708, 2018/8/6 14:28:28, Active
55000, 1533565709, 2018/8/6 14:28:29, Active
55999, 1533565710, 2018/8/6 14:28:30, Active
56999, 1533565711, 2018/8/6 14:28:31, Active
57999, 1533565712, 2018/8/6 14:28:32, Active
58999, 1533565713, 2018/8/6 14:28:33, Active
59999, 1533565714, 2018/8/6 14:28:34, Active
60999, 1533565715, 2018/8/6 14:28:35, Active
62000, 1533565716, 2018/8/6 14:28:36, Active
62999, 1533565717, 2018/8/6 14:28:37, Active
64000, 1533565718, 2018/8/6 14:28:38, Active
64999, 1533565719, 2018/8/6 14:28:39, Active
65999, 1533565720, 2018/8/6 14:28:40, Active
66999, 1533565721, 2018/8/6 14:28:41, Active
68000, 1533565722, 2018/8/6 14:28:42, Active
68999, 1533565723, 2018/8/6 14:28:43, Active
69999, 1533565724, 2018/8/6 14:28:44, Active
70999, 1533565725, 2018/8/6 14:28:45, Active
71999, 1533565726, 2018/8/6 14:28:46, Active
72999, 1533565727, 2018/8/6 14:28:47, Active
73999, 1533565728, 2018/8/6 14:28:48, Active
74999, 1533565729, 2018/8/6 14:28:49, Active
75999, 1533565730, 2018/8/6 14:28:50, Active
76999, 1533565731, 2018/8/6 14:28:51, Active
77999, 1533565732, 2018/8/6 14:28:52, Active
78999, 1533565733, 2018/8/6 14:28:53, Active
80000, 1533565734, 2018/8/6 14:28:54, Active
80999, 1533565735, 2018/8/6 14:28:55, Active
81999, 1533565736, 2018/8/6 14:28:56, Active
82999, 1533565737, 2018/8/6 14:28:57, Active
83999, 1533565738, 2018/8/6 14:28:58, Active
84999, 1533565739, 2018/8/6 14:28:59, Active
85999, 1533565740, 2018/8/6 14:29:0, Active
86999, 1533565741, 2018/8/6 14:29:1, Active
87999, 1533565742, 2018/8/6 14:29:2, Active
88998, 1533565743, 2018/8/6 14:29:3, Active
89999, 1533565744, 2018/8/6 14:29:4, Active
90999, 1533565745, 2018/8/6 14:29:5, Active
91999, 1533565746, 2018/8/6 14:29:6, Active
92999, 1533565747, 2018/8/6 14:29:7, Active
94000, 1533565748, 2018/8/6 14:29:8, Active
94999, 1533565749, 2018/8/6 14:29:9, Active
95998, 1533565750, 2018/8/6 14:29:10, Active
96999, 1533565751, 2018/8/6 14:29:11, Active
97999, 1533565752, 2018/8/6 14:29:12, Active
98999, 1533565753, 2018/8/6 14:29:13, Active
99999, 1533565754, 2018/8/6 14:29:14, Active
100999, 1533565755, 2018/8/6 14:29:15, Active
101999, 1533565756, 2018/8/6 14:29:16, Active
102999, 1533565757, 2018/8/6 14:29:17, Active
103999, 1533565758, 2018/8/6 14:29:18, Active
104999, 1533565759, 2018/8/6 14:29:19, Active
105999, 1533565760, 2018/8/6 14:29:20, Active
106999, 1533565761, 2018/8/6 14:29:21, Active
107999, 1533565762, 2018/8/6 14:29:22, Active
109000, 1533565763, 2018/8/6 14:29:23, Active
109999, 1533565764, 2018/8/6 14:29:24, Active
110999, 1533565765, 2018/8/6 14:29:25, Active
112000, 1533565766, 2018/8/6 14:29:26, Active
112999, 1533565767, 2018/8/6 14:29:27, Active
113999, 1533565768, 2018/8/6 14:29:28, Active
114998, 1533565769, 2018/8/6 14:29:29, Active
115999, 1533565770, 2018/8/6 14:29:30, Active
116999, 1533565771, 2018/8/6 14:29:31, Active
117999, 1533565772, 2018/8/6 14:29:32, Active
118999, 1533565773, 2018/8/6 14:29:33, Active
119999, 1533565774, 2018/8/6 14:29:34, Active
120999, 1533565775, 2018/8/6 14:29:35, Active
121999, 1533565776, 2018/8/6 14:29:36, Active
122999, 1533565777, 2018/8/6 14:29:37, Active
123999, 1533565778, 2018/8/6 14:29:38, Active
124999, 1533565779, 2018/8/6 14:29:39, Active
125999, 1533565780, 2018/8/6 14:29:40, Active
126999, 1533565781, 2018/8/6 14:29:41, Active
128000, 1533565782, 2018/8/6 14:29:42, Active
128999, 1533565783, 2018/8/6 14:29:43, Active
129999, 1533565784, 2018/8/6 14:29:44, Active
130999, 1533565785, 2018/8/6 14:29:45, Active
131999, 1533565786, 2018/8/6 14:29:46, Active
132999, 1533565787, 2018/8/6 14:29:47, Active
133999, 1533565788, 2018/8/6 14:29:48, Active
135000, 1533565789, 2018/8/6 14:29:49, Active
135999, 1533565790, 2018/8/6 14:29:50, Active
136999, 1533565791, 2018/8/6 14:29:51, Active
137999, 1533565792, 2018/8/6 14:29:52, Active
138998, 1533565793, 2018/8/6 14:29:53, Active
139999, 1533565794, 2018/8/6 14:29:54, Active
140999, 1533565795, 2018/8/6 14:29:55, Active
141999, 1533565796, 2018/8/6 14:29:56, Active
142999, 1533565797, 2018/8/6 14:29:57, Active
144000, 1533565798, 2018/8/6 14:29:58, Active
145000, 1533565799, 2018/8/6 14:29:59, Active
145999, 1533565800, 2018/8/6 14:30:0, Active
146999, 1533565801, 2018/8/6 14:30:1, Active
147999, 1533565802, 2018/8/6 14:30:2, Active
148999, 1533565803, 2018/8/6 14:30:3, Active
149999, 1533565804, 2018/8/6 14:30:4, Active
150999, 1533565805, 2018/8/6 14:30:5, Active
151999, 1533565806, 2018/8/6 14:30:6, Active
152999, 1533565807, 2018/8/6 14:30:7, Active
153999, 1533565808, 2018/8/6 14:30:8, Active
154999, 1533565809, 2018/8/6 14:30:9, Active
155999, 1533565810, 2018/8/6 14:30:10, Active
156999, 1533565811, 2018/8/6 14:30:11, Active
157999, 1533565812, 2018/8/6 14:30:12, Active
158999, 1533565813, 2018/8/6 14:30:13, Active
160000, 1533565814, 2018/8/6 14:30:14, Active
160999, 1533565815, 2018/8/6 14:30:15, Active
161999, 1533565816, 2018/8/6 14:30:16, Active
162999, 1533565817, 2018/8/6 14:30:17, Active
163999, 1533565818, 2018/8/6 14:30:18, Inactive
165000, 1533565819, 2018/8/6 14:30:19, Inactive
165999, 1533565820, 2018/8/6 14:30:20, Inactive
166999, 1533565821, 2018/8/6 14:30:21, Inactive
167999, 1533565822, 2018/8/6 14:30:22, Inactive
168999, 1533565823, 2018/8/6 14:30:23, Inactive
169999, 1533565824, 2018/8/6 14:30:24, Inactive
170999, 1533565825, 2018/8/6 14:30:25, Inactive
171999, 1533565826, 2018/8/6 14:30:26, Inactive
172999, 1533565827, 2018/8/6 14:30:27, Inactive
173999, 1533565828, 2018/8/6 14:30:28, Inactive
174999, 1533565829, 2018/8/6 14:30:29, Inactive
176000, 1533565830, 2018/8/6 14:30:30, Inactive
176999, 1533565831, 2018/8/6 14:30:31, Inactive
177999, 1533565832, 2018/8/6 14:30:32, Inactive
178999, 1533565833, 2018/8/6 14:30:33, Inactive
179999, 1533565834, 2018/8/6 14:30:34, Inactive
180999, 1533565835, 2018/8/6 14:30:35, Inactive
181999, 1533565836, 2018/8/6 14:30:36, Inactive
182999, 1533565837, 2018/8/6 14:30:37, Inactive
183999, 1533565838, 2018/8/6 14:30:38, Inactive
184999, 1533565839, 2018/8/6 14:30:39, Inactive
185999, 1533565840, 2018/8/6 14:30:40, Active
186998, 1533565841, 2018/8/6 14:30:41, Active
187999, 1533565842, 2018/8/6 14:30:42, Active
188999, 1533565843, 2018/8/6 14:30:43, Inactive
189999, 1533565844, 2018/8/6 14:30:44, Inactive
190999, 1533565845, 2018/8/6 14:30:45, Inactive
192000, 1533565846, 2018/8/6 14:30:46, Inactive
192999, 1533565847, 2018/8/6 14:30:47, Inactive
193999, 1533565848, 2018/8/6 14:30:48, Inactive
194999, 1533565849, 2018/8/6 14:30:49, Inactive
195999, 1533565850, 2018/8/6 14:30:50, Inactive
196999, 1533565851, 2018/8/6 14:30:51, Inactive
197999, 1533565852, 2018/8/6 14:30:52, Inactive
198999, 1533565853, 2018/8/6 14:30:53, Inactive
199999, 1533565854, 2018/8/6 14:30:54, Inactive
200999, 1533565855, 2018/8/6 14:30:55, Inactive
201999, 1533565856, 2018/8/6 14:30:56, Inactive
202999, 1533565857, 2018/8/6 14:30:57, Active
203999, 1533565858, 2018/8/6 14:30:58, Active
204999, 1533565859, 2018/8/6 14:30:59, Active
205999, 1533565860, 2018/8/6 14:31:0, Inactive
206999, 1533565861, 2018/8/6 14:31:1, Inactive
208000, 1533565862, 2018/8/6 14:31:2, Inactive
208999, 1533565863, 2018/8/6 14:31:3, Inactive
209999, 1533565864, 2018/8/6 14:31:4, Inactive
210999, 1533565865, 2018/8/6 14:31:5, Inactive
211999, 1533565866, 2018/8/6 14:31:6, Inactive
212999, 1533565867, 2018/8/6 14:31:7, Inactive
213999, 1533565868, 2018/8/6 14:31:8, Inactive
214999, 1533565869, 2018/8/6 14:31:9, Inactive
215999, 1533565870, 2018/8/6 14:31:10, Inactive
216999, 1533565871, 2018/8/6 14:31:11, Inactive
217999, 1533565872, 2018/8/6 14:31:12, Inactive
218998, 1533565873, 2018/8/6 14:31:13, Inactive
219999, 1533565874, 2018/8/6 14:31:14, Inactive
220999, 1533565875, 2018/8/6 14:31:15, Inactive
221999, 1533565876, 2018/8/6 14:31:16, Inactive
222999, 1533565877, 2018/8/6 14:31:17, Inactive
224000, 1533565878, 2018/8/6 14:31:18, Inactive
224999, 1533565879, 2018/8/6 14:31:19, Inactive
225999, 1533565880, 2018/8/6 14:31:20, Inactive
226999, 1533565881, 2018/8/6 14:31:21, Inactive
227999, 1533565882, 2018/8/6 14:31:22, Inactive
228999, 1533565883, 2018/8/6 14:31:23, Active
229999, 1533565884, 2018/8/6 14:31:24, Active
231000, 1533565885, 2018/8/6 14:31:25, Active
231999, 1533565886, 2018/8/6 14:31:26, Inactive
232999, 1533565887, 2018/8/6 14:31:27, Inactive
233999, 1533565888, 2018/8/6 14:31:28, Inactive
234999, 1533565889, 2018/8/6 14:31:29, Inactive
235999, 1533565890, 2018/8/6 14:31:30, Inactive
236999, 1533565892, 2018/8/6 14:31:32, Inactive
237999, 1533565893, 2018/8/6 14:31:33, Inactive
238999, 1533565894, 2018/8/6 14:31:34, Inactive
240000, 1533565895, 2018/8/6 14:31:35, Active
240999, 1533565896, 2018/8/6 14:31:36, Active
241999, 1533565897, 2018/8/6 14:31:37, Active
242999, 1533565898, 2018/8/6 14:31:38, Inactive
243999, 1533565899, 2018/8/6 14:31:39, Inactive
244999, 1533565900, 2018/8/6 14:31:40, Inactive
245999, 1533565901, 2018/8/6 14:31:41, Inactive
246999, 1533565902, 2018/8/6 14:31:42, Inactive
247999, 1533565903, 2018/8/6 14:31:43, Active
248999, 1533565904, 2018/8/6 14:31:44, Active
249999, 1533565905, 2018/8/6 14:31:45, Active
250999, 1533565906, 2018/8/6 14:31:46, Inactive
251999, 1533565907, 2018/8/6 14:31:47, Inactive
252999, 1533565908, 2018/8/6 14:31:48, Inactive
253999, 1533565909, 2018/8/6 14:31:49, Inactive
254999, 1533565910, 2018/8/6 14:31:50, Inactive
256000, 1533565911, 2018/8/6 14:31:51, Inactive
256999, 1533565912, 2018/8/6 14:31:52, Inactive
257999, 1533565913, 2018/8/6 14:31:53, Inactive
258999, 1533565914, 2018/8/6 14:31:54, Active
259999, 1533565915, 2018/8/6 14:31:55, Active
260999, 1533565916, 2018/8/6 14:31:56, Active
261999, 1533565917, 2018/8/6 14:31:57, Inactive
263000, 1533565918, 2018/8/6 14:31:58, Inactive
263999, 1533565919, 2018/8/6 14:31:59, Inactive
264999, 1533565920, 2018/8/6 14:32:0, Inactive
265999, 1533565921, 2018/8/6 14:32:1, Inactive
266998, 1533565922, 2018/8/6 14:32:2, Inactive
267999, 1533565923, 2018/8/6 14:32:3, Inactive
268999, 1533565924, 2018/8/6 14:32:4, Inactive
269999, 1533565925, 2018/8/6 14:32:5, Inactive
270999, 1533565926, 2018/8/6 14:32:6, Inactive
272000, 1533565927, 2018/8/6 14:32:7, Inactive
273000, 1533565928, 2018/8/6 14:32:8, Inactive
273998, 1533565929, 2018/8/6 14:32:9, Inactive
274999, 1533565930, 2018/8/6 14:32:10, Active
275999, 1533565931, 2018/8/6 14:32:11, Active
276999, 1533565932, 2018/8/6 14:32:12, Active
277999, 1533565933, 2018/8/6 14:32:13, Inactive
278999, 1533565934, 2018/8/6 14:32:14, Inactive
279999, 1533565935, 2018/8/6 14:32:15, Inactive
280999, 1533565936, 2018/8/6 14:32:16, Inactive
281999, 1533565937, 2018/8/6 14:32:17, Inactive
282999, 1533565938, 2018/8/6 14:32:18, Inactive
283999, 1533565939, 2018/8/6 14:32:19, Active
284998, 1533565940, 2018/8/6 14:32:20, Active
285999, 1533565941, 2018/8/6 14:32:21, Active
286999, 1533565942, 2018/8/6 14:32:22, Inactive
288000, 1533565943, 2018/8/6 14:32:23, Inactive
288999, 1533565944, 2018/8/6 14:32:24, Inactive
289999, 1533565945, 2018/8/6 14:32:25, Inactive
290999, 1533565946, 2018/8/6 14:32:26, Inactive
291999, 1533565947, 2018/8/6 14:32:27, Inactive
292999, 1533565948, 2018/8/6 14:32:28, Inactive
293999, 1533565949, 2018/8/6 14:32:29, Inactive
295000, 1533565950, 2018/8/6 14:32:30, Inactive
295999, 1533565951, 2018/8/6 14:32:31, Inactive
296999, 1533565952, 2018/8/6 14:32:32, Inactive
297999, 1533565953, 2018/8/6 14:32:33, Inactive
298999, 1533565954, 2018/8/6 14:32:34, Inactive
299999, 1533565955, 2018/8/6 14:32:35, Inactive
300999, 1533565956, 2018/8/6 14:32:36, Inactive
301999, 1533565957, 2018/8/6 14:32:37, Inactive
302999, 1533565958, 2018/8/6 14:32:38, Inactive
303998, 1533565959, 2018/8/6 14:32:39, Inactive
304999, 1533565960, 2018/8/6 14:32:40, Inactive
305999, 1533565961, 2018/8/6 14:32:41, Inactive
306999, 1533565962, 2018/8/6 14:32:42, Inactive
307999, 1533565963, 2018/8/6 14:32:43, Inactive
308999, 1533565964, 2018/8/6 14:32:44, Active
309999, 1533565965, 2018/8/6 14:32:45, Active
310999, 1533565966, 2018/8/6 14:32:46, Active
311999, 1533565967, 2018/8/6 14:32:47, Inactive
312999, 1533565968, 2018/8/6 14:32:48, Inactive
313999, 1533565969, 2018/8/6 14:32:49, Inactive
314999, 1533565970, 2018/8/6 14:32:50, Inactive
315999, 1533565971, 2018/8/6 14:32:51, Inactive
316999, 1533565972, 2018/8/6 14:32:52, Inactive
317999, 1533565973, 2018/8/6 14:32:53, Inactive
318999, 1533565974, 2018/8/6 14:32:54, Inactive
320000, 1533565975, 2018/8/6 14:32:55, Inactive
320999, 1533565976, 2018/8/6 14:32:56, Inactive
321999, 1533565977, 2018/8/6 14:32:57, Inactive
322999, 1533565978, 2018/8/6 14:32:58, Inactive
323999, 1533565979, 2018/8/6 14:32:59, Inactive
324999, 1533565980, 2018/8/6 14:33:0, Inactive
325999, 1533565981, 2018/8/6 14:33:1, Inactive
327000, 1533565982, 2018/8/6 14:33:2, Inactive
327999, 1533565983, 2018/8/6 14:33:3, Inactive
328999, 1533565984, 2018/8/6 14:33:4, Inactive
329999, 1533565985, 2018/8/6 14:33:5, Inactive
330999, 1533565986, 2018/8/6 14:33:6, Inactive
331999, 1533565987, 2018/8/6 14:33:7, Inactive
332999, 1533565988, 2018/8/6 14:33:8, Inactive
333999, 1533565989, 2018/8/6 14:33:9, Inactive
335000, 1533565990, 2018/8/6 14:33:10, Inactive
336000, 1533565991, 2018/8/6 14:33:11, Inactive
336999, 1533565992, 2018/8/6 14:33:12, Inactive
337999, 1533565993, 2018/8/6 14:33:13, Inactive
338999, 1533565994, 2018/8/6 14:33:14, Inactive
339999, 1533565995, 2018/8/6 14:33:15, Inactive
340999, 1533565996, 2018/8/6 14:33:16, Inactive
341999, 1533565997, 2018/8/6 14:33:17, Inactive
342999, 1533565998, 2018/8/6 14:33:18, Inactive
343999, 1533565999, 2018/8/6 14:33:19, Inactive
344999, 1533566000, 2018/8/6 14:33:20, Inactive
345999, 1533566001, 2018/8/6 14:33:21, Inactive
346998, 1533566002, 2018/8/6 14:33:22, Inactive
347999, 1533566003, 2018/8/6 14:33:23, Inactive
348999, 1533566004, 2018/8/6 14:33:24, Inactive
349999, 1533566005, 2018/8/6 14:33:25, Inactive
350999, 1533566006, 2018/8/6 14:33:26, Inactive
352000, 1533566007, 2018/8/6 14:33:27, Inactive
352999, 1533566008, 2018/8/6 14:33:28, Inactive
353999, 1533566009, 2018/8/6 14:33:29, Inactive
354999, 1533566010, 2018/8/6 14:33:30, Inactive
355999, 1533566011, 2018/8/6 14:33:31, Inactive
356999, 1533566012, 2018/8/6 14:33:32, Inactive
357999, 1533566013, 2018/8/6 14:33:33, Inactive
359000, 1533566014, 2018/8/6 14:33:34, Inactive
359999, 1533566015, 2018/8/6 14:33:35, Inactive
360999, 1533566016, 2018/8/6 14:33:36, Inactive
361999, 1533566017, 2018/8/6 14:33:37, Inactive
362999, 1533566018, 2018/8/6 14:33:38, Inactive
363999, 1533566019, 2018/8/6 14:33:39, Inactive
365000, 1533566020, 2018/8/6 14:33:40, Inactive
365999, 1533566021, 2018/8/6 14:33:41, Inactive
366999, 1533566022, 2018/8/6 14:33:42, Inactive
368000, 1533566023, 2018/8/6 14:33:43, Inactive
368999, 1533566024, 2018/8/6 14:33:44, Inactive
369999, 1533566025, 2018/8/6 14:33:45, Inactive
370999, 1533566026, 2018/8/6 14:33:46, Inactive
371999, 1533566027, 2018/8/6 14:33:47, Inactive
372998, 1533566028, 2018/8/6 14:33:48, Inactive
374000, 1533566029, 2018/8/6 14:33:49, Inactive
374999, 1533566030, 2018/8/6 14:33:50, Inactive
375999, 1533566031, 2018/8/6 14:33:51, Inactive
376999, 1533566032, 2018/8/6 14:33:52, Inactive
377999, 1533566033, 2018/8/6 14:33:53, Inactive
378998, 1533566034, 2018/8/6 14:33:54, Inactive
379999, 1533566035, 2018/8/6 14:33:55, Inactive
380999, 1533566036, 2018/8/6 14:33:56, Active
381999, 1533566037, 2018/8/6 14:33:57, Active
382999, 1533566038, 2018/8/6 14:33:58, Active
384000, 1533566039, 2018/8/6 14:33:59, Inactive
384999, 1533566040, 2018/8/6 14:34:0, Inactive
385999, 1533566041, 2018/8/6 14:34:1, Inactive
386999, 1533566042, 2018/8/6 14:34:2, Inactive
388000, 1533566043, 2018/8/6 14:34:3, Inactive
388999, 1533566044, 2018/8/6 14:34:4, Inactive
389999, 1533566045, 2018/8/6 14:34:5, Inactive
390999, 1533566046, 2018/8/6 14:34:6, Inactive
391999, 1533566047, 2018/8/6 14:34:7, Inactive
392999, 1533566048, 2018/8/6 14:34:8, Inactive
393999, 1533566049, 2018/8/6 14:34:9, Inactive
394999, 1533566050, 2018/8/6 14:34:10, Inactive
395999, 1533566051, 2018/8/6 14:34:11, Inactive
396999, 1533566052, 2018/8/6 14:34:12, Inactive
397999, 1533566053, 2018/8/6 14:34:13, Inactive
398999, 1533566054, 2018/8/6 14:34:14, Inactive
400000, 1533566055, 2018/8/6 14:34:15, Inactive
400999, 1533566056, 2018/8/6 14:34:16, Inactive
401999, 1533566057, 2018/8/6 14:34:17, Inactive
403000, 1533566058, 2018/8/6 14:34:18, Inactive
403998, 1533566059, 2018/8/6 14:34:19, Inactive
404999, 1533566060, 2018/8/6 14:34:20, Inactive
405999, 1533566061, 2018/8/6 14:34:21, Inactive
406999, 1533566062, 2018/8/6 14:34:22, Inactive
407999, 1533566063, 2018/8/6 14:34:23, Inactive
408999, 1533566064, 2018/8/6 14:34:24, Inactive
409999, 1533566065, 2018/8/6 14:34:25, Inactive
410998, 1533566066, 2018/8/6 14:34:26, Inactive
411999, 1533566067, 2018/8/6 14:34:27, Inactive
412999, 1533566068, 2018/8/6 14:34:28, Active
413999, 1533566069, 2018/8/6 14:34:29, Active
414999, 1533566070, 2018/8/6 14:34:30, Active
416000, 1533566071, 2018/8/6 14:34:31, Inactive
416999, 1533566072, 2018/8/6 14:34:32, Inactive
417999, 1533566073, 2018/8/6 14:34:33, Inactive
418999, 1533566074, 2018/8/6 14:34:34, Inactive
419999, 1533566075, 2018/8/6 14:34:35, Inactive
421000, 1533566076, 2018/8/6 14:34:36, Inactive
421999, 1533566077, 2018/8/6 14:34:37, Active
422999, 1533566078, 2018/8/6 14:34:38, Active
423999, 1533566079, 2018/8/6 14:34:39, Active
424999, 1533566080, 2018/8/6 14:34:40, Inactive
425999, 1533566081, 2018/8/6 14:34:41, Inactive
426999, 1533566082, 2018/8/6 14:34:42, Inactive
427999, 1533566083, 2018/8/6 14:34:43, Inactive
428999, 1533566084, 2018/8/6 14:34:44, Inactive
429999, 1533566085, 2018/8/6 14:34:45, Inactive
430999, 1533566086, 2018/8/6 14:34:46, Inactive
432000, 1533566087, 2018/8/6 14:34:47, Inactive
432999, 1533566088, 2018/8/6 14:34:48, Inactive
433999, 1533566089, 2018/8/6 14:34:49, Inactive
434999, 1533566090, 2018/8/6 14:34:50, Inactive
435999, 1533566091, 2018/8/6 14:34:51, Inactive
436999, 1533566092, 2018/8/6 14:34:52, Inactive
437999, 1533566093, 2018/8/6 14:34:53, Inactive
438999, 1533566094, 2018/8/6 14:34:54, Inactive
439999, 1533566095, 2018/8/6 14:34:55, Inactive
440999, 1533566096, 2018/8/6 14:34:56, Inactive
441999, 1533566097, 2018/8/6 14:34:57, Inactive
442999, 1533566098, 2018/8/6 14:34:58, Inactive
443999, 1533566099, 2018/8/6 14:34:59, Inactive
444999, 1533566100, 2018/8/6 14:35:0, Inactive
446000, 1533566101, 2018/8/6 14:35:1, Inactive
446999, 1533566102, 2018/8/6 14:35:2, Inactive
448000, 1533566103, 2018/8/6 14:35:3, Inactive
448999, 1533566104, 2018/8/6 14:35:4, Inactive
449999, 1533566105, 2018/8/6 14:35:5, Inactive
450999, 1533566106, 2018/8/6 14:35:6, Inactive
451999, 1533566107, 2018/8/6 14:35:7, Inactive
453000, 1533566108, 2018/8/6 14:35:8, Inactive
453999, 1533566109, 2018/8/6 14:35:9, Inactive
454999, 1533566110, 2018/8/6 14:35:10, Inactive
455999, 1533566111, 2018/8/6 14:35:11, Active
456999, 1533566112, 2018/8/6 14:35:12, Active
457999, 1533566113, 2018/8/6 14:35:13, Active
458999, 1533566114, 2018/8/6 14:35:14, Inactive
459999, 1533566115, 2018/8/6 14:35:15, Inactive
460999, 1533566116, 2018/8/6 14:35:16, Inactive
461999, 1533566117, 2018/8/6 14:35:17, Inactive
462999, 1533566118, 2018/8/6 14:35:18, Inactive
464000, 1533566119, 2018/8/6 14:35:19, Inactive
464999, 1533566120, 2018/8/6 14:35:20, Inactive
465999, 1533566121, 2018/8/6 14:35:21, Inactive
466999, 1533566122, 2018/8/6 14:35:22, Active
467999, 1533566123, 2018/8/6 14:35:23, Active
468999, 1533566124, 2018/8/6 14:35:24, Active
469999, 1533566125, 2018/8/6 14:35:25, Inactive
470999, 1533566126, 2018/8/6 14:35:26, Inactive
471999, 1533566127, 2018/8/6 14:35:27, Inactive
472999, 1533566128, 2018/8/6 14:35:28, Inactive
473999, 1533566129, 2018/8/6 14:35:29, Inactive
474999, 1533566130, 2018/8/6 14:35:30, Inactive
475999, 1533566131, 2018/8/6 14:35:31, Active
476999, 1533566132, 2018/8/6 14:35:32, Active
478000, 1533566133, 2018/8/6 14:35:33, Active
478999, 1533566134, 2018/8/6 14:35:34, Inactive
480000, 1533566135, 2018/8/6 14:35:35, Inactive
480999, 1533566136, 2018/8/6 14:35:36, Inactive
482000, 1533566137, 2018/8/6 14:35:37, Inactive
482999, 1533566138, 2018/8/6 14:35:38, Inactive
483999, 1533566139, 2018/8/6 14:35:39, Inactive
484999, 1533566140, 2018/8/6 14:35:40, Inactive
485999, 1533566141, 2018/8/6 14:35:41, Inactive
486999, 1533566142, 2018/8/6 14:35:42, Inactive
487999, 1533566143, 2018/8/6 14:35:43, Inactive
488999, 1533566144, 2018/8/6 14:35:44, Inactive
489999, 1533566145, 2018/8/6 14:35:45, Inactive
490999, 1533566146, 2018/8/6 14:35:46, Inactive
491999, 1533566147, 2018/8/6 14:35:47, Inactive
492999, 1533566148, 2018/8/6 14:35:48, Inactive
493999, 1533566149, 2018/8/6 14:35:49, Inactive
494999, 1533566150, 2018/8/6 14:35:50, Inactive
496000, 1533566151, 2018/8/6 14:35:51, Inactive
496999, 1533566152, 2018/8/6 14:35:52, Inactive
497999, 1533566153, 2018/8/6 14:35:53, Inactive
498999, 1533566154, 2018/8/6 14:35:54, Inactive
499999, 1533566155, 2018/8/6 14:35:55, Inactive
500999, 1533566156, 2018/8/6 14:35:56, Inactive
501999, 1533566157, 2018/8/6 14:35:57, Inactive
502999, 1533566158, 2018/8/6 14:35:58, Inactive
503999, 1533566159, 2018/8/6 14:35:59, Inactive
504999, 1533566160, 2018/8/6 14:36:0, Inactive
505999, 1533566161, 2018/8/6 14:36:1, Inactive
506999, 1533566162, 2018/8/6 14:36:2, Inactive
507999, 1533566163, 2018/8/6 14:36:3, Inactive
508999, 1533566164, 2018/8/6 14:36:4, Inactive
509999, 1533566165, 2018/8/6 14:36:5, Inactive
510999, 1533566166, 2018/8/6 14:36:6, Inactive
512000, 1533566167, 2018/8/6 14:36:7, Inactive
512999, 1533566168, 2018/8/6 14:36:8, Inactive
513999, 1533566169, 2018/8/6 14:36:9, Inactive
514999, 1533566170, 2018/8/6 14:36:10, Inactive
515999, 1533566171, 2018/8/6 14:36:11, Inactive
516999, 1533566172, 2018/8/6 14:36:12, Inactive
517999, 1533566173, 2018/8/6 14:36:13, Inactive
518999, 1533566174, 2018/8/6 14:36:14, Inactive
519999, 1533566175, 2018/8/6 14:36:15, Inactive
520999, 1533566176, 2018/8/6 14:36:16, Inactive
521999, 1533566177, 2018/8/6 14:36:17, Active
522999, 1533566178, 2018/8/6 14:36:18, Active
523999, 1533566179, 2018/8/6 14:36:19, Active
524999, 1533566180, 2018/8/6 14:36:20, Inactive
525999, 1533566181, 2018/8/6 14:36:21, Inactive
526999, 1533566182, 2018/8/6 14:36:22, Inactive
528000, 1533566183, 2018/8/6 14:36:23, Inactive
528999, 1533566184, 2018/8/6 14:36:24, Inactive
529999, 1533566185, 2018/8/6 14:36:25, Inactive
530999, 1533566186, 2018/8/6 14:36:26, Inactive
531999, 1533566187, 2018/8/6 14:36:27, Active
532999, 1533566188, 2018/8/6 14:36:28, Active
533999, 1533566189, 2018/8/6 14:36:29, Active
534999, 1533566190, 2018/8/6 14:36:30, Inactive
535999, 1533566191, 2018/8/6 14:36:31, Inactive
536999, 1533566192, 2018/8/6 14:36:32, Inactive
537999, 1533566193, 2018/8/6 14:36:33, Inactive
538999, 1533566194, 2018/8/6 14:36:34, Inactive
539999, 1533566195, 2018/8/6 14:36:35, Inactive
540999, 1533566196, 2018/8/6 14:36:36, Inactive
542000, 1533566197, 2018/8/6 14:36:37, Inactive
542999, 1533566198, 2018/8/6 14:36:38, Inactive
544000, 1533566199, 2018/8/6 14:36:39, Inactive
544999, 1533566200, 2018/8/6 14:36:40, Inactive
545999, 1533566201, 2018/8/6 14:36:41, Inactive
546999, 1533566202, 2018/8/6 14:36:42, Inactive
547999, 1533566203, 2018/8/6 14:36:43, Inactive
548999, 1533566204, 2018/8/6 14:36:44, Inactive
549999, 1533566205, 2018/8/6 14:36:45, Inactive
550999, 1533566206, 2018/8/6 14:36:46, Inactive
551999, 1533566207, 2018/8/6 14:36:47, Inactive
552999, 1533566208, 2018/8/6 14:36:48, Inactive
553999, 1533566209, 2018/8/6 14:36:49, Inactive
554999, 1533566210, 2018/8/6 14:36:50, Inactive
555999, 1533566211, 2018/8/6 14:36:51, Active
556999, 1533566212, 2018/8/6 14:36:52, Active
558000, 1533566213, 2018/8/6 14:36:53, Active
558999, 1533566214, 2018/8/6 14:36:54, Inactive
560000, 1533566215, 2018/8/6 14:36:55, Inactive
560999, 1533566216, 2018/8/6 14:36:56, Inactive
561999, 1533566217, 2018/8/6 14:36:57, Inactive
562999, 1533566218, 2018/8/6 14:36:58, Inactive
563999, 1533566219, 2018/8/6 14:36:59, Inactive
564999, 1533566220, 2018/8/6 14:37:0, Inactive
565998, 1533566221, 2018/8/6 14:37:1, Inactive
567000, 1533566222, 2018/8/6 14:37:2, Inactive
567999, 1533566223, 2018/8/6 14:37:3, Inactive
568999, 1533566224, 2018/8/6 14:37:4, Inactive
569999, 1533566225, 2018/8/6 14:37:5, Active
570999, 1533566226, 2018/8/6 14:37:6, Active
571999, 1533566227, 2018/8/6 14:37:7, Active
572999, 1533566228, 2018/8/6 14:37:8, Inactive
574000, 1533566229, 2018/8/6 14:37:9, Inactive
574999, 1533566230, 2018/8/6 14:37:10, Inactive
575998, 1533566231, 2018/8/6 14:37:11, Inactive
576999, 1533566232, 2018/8/6 14:37:12, Inactive
577999, 1533566233, 2018/8/6 14:37:13, Inactive
578999, 1533566234, 2018/8/6 14:37:14, Inactive
579999, 1533566235, 2018/8/6 14:37:15, Inactive
580999, 1533566236, 2018/8/6 14:37:16, Inactive
581999, 1533566237, 2018/8/6 14:37:17, Inactive
582999, 1533566238, 2018/8/6 14:37:18, Inactive
583999, 1533566239, 2018/8/6 14:37:19, Inactive
584999, 1533566240, 2018/8/6 14:37:20, Inactive
585999, 1533566241, 2018/8/6 14:37:21, Inactive
586998, 1533566242, 2018/8/6 14:37:22, Inactive
587999, 1533566243, 2018/8/6 14:37:23, Inactive
588999, 1533566244, 2018/8/6 14:37:24, Inactive
590000, 1533566245, 2018/8/6 14:37:25, Inactive
590999, 1533566246, 2018/8/6 14:37:26, Inactive
592000, 1533566247, 2018/8/6 14:37:27, Inactive
592999, 1533566248, 2018/8/6 14:37:28, Inactive
593999, 1533566249, 2018/8/6 14:37:29, Inactive
594999, 1533566250, 2018/8/6 14:37:30, Inactive
595999, 1533566251, 2018/8/6 14:37:31, Inactive
596999, 1533566252, 2018/8/6 14:37:32, Inactive
597999, 1533566253, 2018/8/6 14:37:33, Inactive
598999, 1533566254, 2018/8/6 14:37:34, Inactive
599999, 1533566255, 2018/8/6 14:37:35, Inactive
600999, 1533566256, 2018/8/6 14:37:36, Inactive
601999, 1533566257, 2018/8/6 14:37:37, Inactive
602999, 1533566258, 2018/8/6 14:37:38, Inactive
603999, 1533566259, 2018/8/6 14:37:39, Inactive
604999, 1533566260, 2018/8/6 14:37:40, Inactive
605999, 1533566261, 2018/8/6 14:37:41, Inactive
606999, 1533566262, 2018/8/6 14:37:42, Inactive
608000, 1533566263, 2018/8/6 14:37:43, Inactive
608999, 1533566264, 2018/8/6 14:37:44, Inactive
609999, 1533566265, 2018/8/6 14:37:45, Inactive
610999, 1533566266, 2018/8/6 14:37:46, Inactive
611999, 1533566267, 2018/8/6 14:37:47, Inactive
612999, 1533566268, 2018/8/6 14:37:48, Inactive
613999, 1533566269, 2018/8/6 14:37:49, Inactive
614999, 1533566270, 2018/8/6 14:37:50, Active
615999, 1533566271, 2018/8/6 14:37:51, Active
616999, 1533566272, 2018/8/6 14:37:52, Active
617999, 1533566273, 2018/8/6 14:37:53, Inactive
618999, 1533566274, 2018/8/6 14:37:54, Inactive
619999, 1533566275, 2018/8/6 14:37:55, Inactive
620999, 1533566276, 2018/8/6 14:37:56, Inactive
621999, 1533566277, 2018/8/6 14:37:57, Inactive
622999, 1533566278, 2018/8/6 14:37:58, Inactive
624000, 1533566279, 2018/8/6 14:37:59, Inactive
624999, 1533566280, 2018/8/6 14:38:0, Inactive
625999, 1533566281, 2018/8/6 14:38:1, Inactive
626999, 1533566282, 2018/8/6 14:38:2, Inactive
627999, 1533566283, 2018/8/6 14:38:3, Inactive
628999, 1533566284, 2018/8/6 14:38:4, Inactive
629999, 1533566285, 2018/8/6 14:38:5, Inactive
631000, 1533566286, 2018/8/6 14:38:6, Inactive
631998, 1533566287, 2018/8/6 14:38:7, Inactive
632999, 1533566288, 2018/8/6 14:38:8, Inactive
633999, 1533566289, 2018/8/6 14:38:9, Active
634999, 1533566290, 2018/8/6 14:38:10, Active
635999, 1533566291, 2018/8/6 14:38:11, Inactive
636999, 1533566292, 2018/8/6 14:38:12, Inactive
637999, 1533566293, 2018/8/6 14:38:13, Inactive
638999, 1533566294, 2018/8/6 14:38:14, Inactive
640000, 1533566295, 2018/8/6 14:38:15, Inactive
640999, 1533566296, 2018/8/6 14:38:16, Inactive
641999, 1533566297, 2018/8/6 14:38:17, Inactive
642999, 1533566298, 2018/8/6 14:38:18, Inactive
643999, 1533566299, 2018/8/6 14:38:19, Inactive
644999, 1533566300, 2018/8/6 14:38:20, Inactive
645999, 1533566301, 2018/8/6 14:38:21, Inactive
646999, 1533566302, 2018/8/6 14:38:22, Inactive
647999, 1533566303, 2018/8/6 14:38:23, Inactive
648999, 1533566304, 2018/8/6 14:38:24, Inactive
649999, 1533566305, 2018/8/6 14:38:25, Inactive
650999, 1533566306, 2018/8/6 14:38:26, Inactive
651999, 1533566307, 2018/8/6 14:38:27, Active
652999, 1533566308, 2018/8/6 14:38:28, Active
653999, 1533566309, 2018/8/6 14:38:29, Active
654999, 1533566310, 2018/8/6 14:38:30, Inactive
656000, 1533566311, 2018/8/6 14:38:31, Inactive
656999, 1533566312, 2018/8/6 14:38:32, Inactive
657999, 1533566313, 2018/8/6 14:38:33, Inactive
658999, 1533566314, 2018/8/6 14:38:34, Inactive
659999, 1533566315, 2018/8/6 14:38:35, Inactive
660999, 1533566316, 2018/8/6 14:38:36, Inactive
661999, 1533566317, 2018/8/6 14:38:37, Inactive
662999, 1533566318, 2018/8/6 14:38:38, Inactive
663998, 1533566319, 2018/8/6 14:38:39, Inactive
664999, 1533566320, 2018/8/6 14:38:40, Inactive
665999, 1533566321, 2018/8/6 14:38:41, Inactive
666999, 1533566322, 2018/8/6 14:38:42, Inactive
667999, 1533566323, 2018/8/6 14:38:43, Inactive
668999, 1533566324, 2018/8/6 14:38:44, Inactive
669999, 1533566325, 2018/8/6 14:38:45, Inactive
670999, 1533566326, 2018/8/6 14:38:46, Active
672000, 1533566327, 2018/8/6 14:38:47, Active
672999, 1533566328, 2018/8/6 14:38:48, Active
673999, 1533566329, 2018/8/6 14:38:49, Inactive
674999, 1533566330, 2018/8/6 14:38:50, Inactive
675999, 1533566331, 2018/8/6 14:38:51, Inactive
676999, 1533566332, 2018/8/6 14:38:52, Inactive
677999, 1533566333, 2018/8/6 14:38:53, Inactive
678999, 1533566334, 2018/8/6 14:38:54, Inactive
679999, 1533566335, 2018/8/6 14:38:55, Active
680999, 1533566336, 2018/8/6 14:38:56, Active
681999, 1533566337, 2018/8/6 14:38:57, Active
682999, 1533566338, 2018/8/6 14:38:58, Inactive
683999, 1533566339, 2018/8/6 14:38:59, Inactive
684999, 1533566340, 2018/8/6 14:39:0, Inactive
686000, 1533566341, 2018/8/6 14:39:1, Inactive
686999, 1533566342, 2018/8/6 14:39:2, Inactive
688000, 1533566343, 2018/8/6 14:39:3, Inactive
688999, 1533566344, 2018/8/6 14:39:4, Active
689999, 1533566345, 2018/8/6 14:39:5, Active
690999, 1533566346, 2018/8/6 14:39:6, Active
691999, 1533566347, 2018/8/6 14:39:7, Inactive
692999, 1533566348, 2018/8/6 14:39:8, Inactive
693999, 1533566349, 2018/8/6 14:39:9, Inactive
695000, 1533566350, 2018/8/6 14:39:10, Inactive
695999, 1533566351, 2018/8/6 14:39:11, Inactive
696999, 1533566352, 2018/8/6 14:39:12, Inactive
697999, 1533566353, 2018/8/6 14:39:13, Inactive
698999, 1533566354, 2018/8/6 14:39:14, Active
699999, 1533566355, 2018/8/6 14:39:15, Active
700999, 1533566356, 2018/8/6 14:39:16, Active
701999, 1533566357, 2018/8/6 14:39:17, Inactive
702999, 1533566358, 2018/8/6 14:39:18, Inactive
704000, 1533566359, 2018/8/6 14:39:19, Inactive
704999, 1533566360, 2018/8/6 14:39:20, Inactive
705998, 1533566361, 2018/8/6 14:39:21, Inactive
706999, 1533566362, 2018/8/6 14:39:22, Inactive
707999, 1533566363, 2018/8/6 14:39:23, Inactive
708999, 1533566364, 2018/8/6 14:39:24, Inactive
709999, 1533566365, 2018/8/6 14:39:25, Inactive
710999, 1533566366, 2018/8/6 14:39:26, Inactive
711999, 1533566367, 2018/8/6 14:39:27, Inactive
712999, 1533566368, 2018/8/6 14:39:28, Inactive
713999, 1533566369, 2018/8/6 14:39:29, Active
714999, 1533566370, 2018/8/6 14:39:30, Active
715999, 1533566371, 2018/8/6 14:39:31, Active
716999, 1533566372, 2018/8/6 14:39:32, Inactive
717999, 1533566373, 2018/8/6 14:39:33, Inactive
718999, 1533566374, 2018/8/6 14:39:34, Inactive
720000, 1533566375, 2018/8/6 14:39:35, Inactive
720999, 1533566376, 2018/8/6 14:39:36, Inactive
721999, 1533566377, 2018/8/6 14:39:37, Inactive
722999, 1533566378, 2018/8/6 14:39:38, Inactive
723999, 1533566379, 2018/8/6 14:39:39, Active
724999, 1533566380, 2018/8/6 14:39:40, Active
725999, 1533566381, 2018/8/6 14:39:41, Inactive
727000, 1533566382, 2018/8/6 14:39:42, Inactive
727999, 1533566383, 2018/8/6 14:39:43, Inactive
728999, 1533566384, 2018/8/6 14:39:44, Inactive
729999, 1533566385, 2018/8/6 14:39:45, Inactive
730999, 1533566386, 2018/8/6 14:39:46, Inactive
731999, 1533566387, 2018/8/6 14:39:47, Inactive
732999, 1533566388, 2018/8/6 14:39:48, Inactive
733999, 1533566389, 2018/8/6 14:39:49, Inactive
734999, 1533566390, 2018/8/6 14:39:50, Inactive
735998, 1533566391, 2018/8/6 14:39:51, Inactive
736999, 1533566392, 2018/8/6 14:39:52, Inactive
737999, 1533566393, 2018/8/6 14:39:53, Inactive
738999, 1533566394, 2018/8/6 14:39:54, Inactive
739999, 1533566395, 2018/8/6 14:39:55, Inactive
740999, 1533566396, 2018/8/6 14:39:56, Inactive
741999, 1533566397, 2018/8/6 14:39:57, Inactive
742999, 1533566398, 2018/8/6 14:39:58, Inactive
743999, 1533566399, 2018/8/6 14:39:59, Inactive
744999, 1533566400, 2018/8/6 14:40:0, Inactive
745999, 1533566401, 2018/8/6 14:40:1, Inactive
746999, 1533566402, 2018/8/6 14:40:2, Inactive
747999, 1533566403, 2018/8/6 14:40:3, Inactive
748998, 1533566404, 2018/8/6 14:40:4, Inactive
749999, 1533566405, 2018/8/6 14:40:5, Inactive
750999, 1533566406, 2018/8/6 14:40:6, Inactive
751998, 1533566407, 2018/8/6 14:40:7, Inactive
752999, 1533566408, 2018/8/6 14:40:8, Inactive
753999, 1533566409, 2018/8/6 14:40:9, Inactive
754999, 1533566410, 2018/8/6 14:40:10, Inactive
755999, 1533566411, 2018/8/6 14:40:11, Inactive
756999, 1533566413, 2018/8/6 14:40:13, Inactive
757999, 1533566414, 2018/8/6 14:40:14, Active
758999, 1533566414, 2018/8/6 14:40:14, Active
759999, 1533566416, 2018/8/6 14:40:16, Active
760999, 1533566417, 2018/8/6 14:40:17, Inactive
761999, 1533566418, 2018/8/6 14:40:18, Inactive
762999, 1533566419, 2018/8/6 14:40:19, Inactive
763999, 1533566420, 2018/8/6 14:40:20, Inactive
764999, 1533566421, 2018/8/6 14:40:21, Inactive
765999, 1533566422, 2018/8/6 14:40:22, Inactive
766999, 1533566423, 2018/8/6 14:40:23, Active
767998, 1533566424, 2018/8/6 14:40:24, Active
768999, 1533566425, 2018/8/6 14:40:25, Active
769999, 1533566426, 2018/8/6 14:40:26, Inactive
770999, 1533566427, 2018/8/6 14:40:27, Inactive
771999, 1533566428, 2018/8/6 14:40:28, Inactive
772999, 1533566429, 2018/8/6 14:40:29, Inactive
773999, 1533566430, 2018/8/6 14:40:30, Inactive
774999, 1533566431, 2018/8/6 14:40:31, Inactive
775999, 1533566432, 2018/8/6 14:40:32, Active
776999, 1533566433, 2018/8/6 14:40:33, Active
777999, 1533566434, 2018/8/6 14:40:34, Active
778999, 1533566435, 2018/8/6 14:40:35, Inactive
779999, 1533566436, 2018/8/6 14:40:36, Inactive
780998, 1533566437, 2018/8/6 14:40:37, Inactive
781999, 1533566438, 2018/8/6 14:40:38, Inactive
782999, 1533566439, 2018/8/6 14:40:39, Inactive
784000, 1533566440, 2018/8/6 14:40:40, Inactive
784999, 1533566441, 2018/8/6 14:40:41, Active
785999, 1533566442, 2018/8/6 14:40:42, Active
786998, 1533566443, 2018/8/6 14:40:43, Active
787999, 1533566444, 2018/8/6 14:40:44, Inactive
788999, 1533566445, 2018/8/6 14:40:45, Inactive
789999, 1533566446, 2018/8/6 14:40:46, Inactive
791000, 1533566447, 2018/8/6 14:40:47, Inactive
791999, 1533566448, 2018/8/6 14:40:48, Inactive
792999, 1533566449, 2018/8/6 14:40:49, Inactive
793999, 1533566450, 2018/8/6 14:40:50, Inactive
794999, 1533566451, 2018/8/6 14:40:51, Inactive
795999, 1533566452, 2018/8/6 14:40:52, Inactive
796999, 1533566453, 2018/8/6 14:40:53, Inactive
797999, 1533566454, 2018/8/6 14:40:54, Inactive
798999, 1533566455, 2018/8/6 14:40:55, Inactive
799998, 1533566456, 2018/8/6 14:40:56, Inactive
800999, 1533566457, 2018/8/6 14:40:57, Inactive
801999, 1533566458, 2018/8/6 14:40:58, Inactive
802999, 1533566459, 2018/8/6 14:40:59, Inactive
803999, 1533566460, 2018/8/6 14:41:0, Active
804999, 1533566461, 2018/8/6 14:41:1, Active
805999, 1533566462, 2018/8/6 14:41:2, Inactive
806999, 1533566463, 2018/8/6 14:41:3, Inactive
807999, 1533566464, 2018/8/6 14:41:4, Inactive
808999, 1533566465, 2018/8/6 14:41:5, Inactive
809999, 1533566466, 2018/8/6 14:41:6, Inactive
811000, 1533566467, 2018/8/6 14:41:7, Inactive
811998, 1533566468, 2018/8/6 14:41:8, Active
812999, 1533566469, 2018/8/6 14:41:9, Active
813999, 1533566470, 2018/8/6 14:41:10, Active
814999, 1533566471, 2018/8/6 14:41:11, Inactive
816000, 1533566472, 2018/8/6 14:41:12, Inactive
816999, 1533566473, 2018/8/6 14:41:13, Inactive
817999, 1533566474, 2018/8/6 14:41:14, Inactive
818999, 1533566475, 2018/8/6 14:41:15, Inactive
819999, 1533566476, 2018/8/6 14:41:16, Inactive
820999, 1533566477, 2018/8/6 14:41:17, Inactive
821999, 1533566478, 2018/8/6 14:41:18, Active
823000, 1533566479, 2018/8/6 14:41:19, Active
